rank	bigram	count	percent
1	ар	994250	2.306593
2	ан	944355	2.190840
3	ын	781956	1.814085
4	та	694564	1.611342
5	ал	670885	1.556408
6	да	663611	1.539533
7	ка	634785	1.472658
8	нд	558615	1.295949
9	ат	547618	1.270437
10	ин	502373	1.165471
11	ер	478499	1.110085
12	га	471930	1.094846
13	ма	451668	1.047839
14	ай	415941	0.964955
15	ра	408452	0.947581
16	ба	398392	0.924243
17	ла	397559	0.922310
18	ке	361128	0.837793
19	рд	356395	0.826812
20	ун	354208	0.821739
21	кт	351287	0.814962
22	ды	341532	0.792331
23	ты	329848	0.765225
24	ен	324893	0.753730
25	на	314655	0.729978
26	жа	307363	0.713061
27	те	301754	0.700049
28	уу	297601	0.690414
29	ры	294751	0.683802
30	ор	293514	0.680933
31	ны	291181	0.675520
32	ак	288283	0.668797
33	ко	284795	0.660705
34	ти	278502	0.646106
35	тт	274462	0.636733
36	кы	271269	0.629326
37	лд	268379	0.622621
38	де	268321	0.622487
39	үн	259037	0.600948
40	ту	252511	0.585808
41	ык	251735	0.584008
42	ыл	247199	0.573485
43	рг	246462	0.571775
44	лы	245885	0.570437
45	ек	242120	0.561702
46	лг	238947	0.554341
47	бе	238645	0.553640
48	ри	236238	0.548056
49	ди	234874	0.544892
50	сы	230989	0.535879
51	ур	230272	0.534216
52	ст	217192	0.503871
53	гы	217061	0.503567
54	оо	216416	0.502071
55	са	216360	0.501941
56	ол	215544	0.500048
57	ли	215474	0.499885
58	аг	211875	0.491536
59	ил	211812	0.491390
60	ас	207001	0.480228
61	ам	205476	0.476690
62	ру	201328	0.467067
63	шт	194696	0.451682
64	он	194520	0.451273
65	ия	193678	0.449320
66	тк	190196	0.441242
67	ет	189617	0.439899
68	ни	187945	0.436020
69	тү	187847	0.435792
70	то	184046	0.426974
71	ул	182986	0.424515
72	кө	182739	0.423942
73	аш	181906	0.422010
74	ле	179885	0.417321
75	лу	179209	0.415753
76	ыр	178420	0.413922
77	ыз	175798	0.407839
78	ир	170196	0.394843
79	ук	168955	0.391964
80	ку	165693	0.384397
81	ел	163321	0.378894
82	өр	162586	0.377189
83	ик	162261	0.376435
84	ги	160567	0.372505
85	ду	159802	0.370730
86	үү	159350	0.369681
87	аа	158762	0.368317
88	өн	157947	0.366426
89	би	157203	0.364700
90	ге	155847	0.361555
91	ми	154198	0.357729
92	иш	153922	0.357089
93	бо	149377	0.346545
94	ну	149018	0.345712
95	аб	138224	0.320670
96	рт	138065	0.320301
97	до	137766	0.319608
98	су	136216	0.316012
99	ов	135894	0.315265
100	шк	134191	0.311314
101	не	133003	0.308558
102	ап	132288	0.306899
103	рү	132129	0.306530
104	ре	131628	0.305368
105	ыш	129655	0.300791
106	ад	128796	0.298798
107	чы	128772	0.298742
108	ки	126571	0.293636
109	ме	124269	0.288296
110	ып	123512	0.286540
111	өт	123366	0.286201
112	нт	122286	0.283695
113	си	121946	0.282906
114	ис	116667	0.270660
115	аз	115515	0.267987
116	дө	115415	0.267755
117	го	113799	0.264006
118	өл	113656	0.263674
119	па	113446	0.263187
120	ок	110125	0.255483
121	рл	109996	0.255183
122	ев	108048	0.250664
123	гө	106259	0.246514
124	йт	105691	0.245196
125	ло	105460	0.244660
126	ша	104356	0.242099
127	ци	102639	0.238116
128	үр	102071	0.236798
129	йы	102005	0.236645
130	мд	101588	0.235677
131	из	100025	0.232051
132	им	98654	0.228871
133	нү	97619	0.226469
134	ыг	97311	0.225755
135	чу	97308	0.225748
136	йл	96915	0.224836
137	ча	96895	0.224790
138	ро	95184	0.220820
139	ом	95004	0.220403
140	үл	93749	0.217491
141	тө	92721	0.215106
142	кү	91818	0.213012
143	ус	91507	0.212290
144	за	90897	0.210875
145	же	89504	0.207643
146	се	81446	0.188949
147	зд	81049	0.188028
148	со	80709	0.187239
149	ым	80019	0.185639
150	от	79113	0.183537
151	еп	78421	0.181931
152	уш	77875	0.180665
153	гу	76525	0.177533
154	лө	75678	0.175568
155	дү	75635	0.175468
156	ег	74969	0.173923
157	лү	74175	0.172081
158	тр	74120	0.171953
159	шы	73036	0.169439
160	ей	73018	0.169397
161	ес	72175	0.167441
162	пт	72078	0.167216
163	жы	71976	0.166979
164	чи	71447	0.165752
165	рм	70927	0.164546
166	уг	70884	0.164446
167	зм	70237	0.162945
168	шу	70001	0.162398
169	өз	69557	0.161368
170	нг	69459	0.161140
171	ог	69384	0.160966
172	мы	69045	0.160180
173	гү	68731	0.159451
174	ем	67831	0.157363
175	жо	67184	0.155862
176	өө	66167	0.153503
177	ва	65129	0.151095
178	пр	64617	0.149907
179	зи	64116	0.148745
180	рк	64110	0.148731
181	ый	64005	0.148487
182	ял	63902	0.148248
183	бу	63650	0.147664
184	но	63503	0.147323
185	че	62226	0.144360
186	ут	61262	0.142124
187	оп	60875	0.141226
188	ий	60870	0.141214
189	кс	60721	0.140869
190	кк	60546	0.140463
191	ип	60454	0.140249
192	бы	59664	0.138416
193	вд	59058	0.137011
194	яс	58877	0.136591
195	иг	58268	0.135178
196	ум	58150	0.134904
197	ши	57918	0.134366
198	му	56991	0.132215
199	нө	56971	0.132169
200	зы	56135	0.130229
201	лб	55829	0.129520
202	ит	55755	0.129348
203	ян	54689	0.126875
204	сү	54668	0.126826
205	ае	53903	0.125051
206	уч	52363	0.121479
207	лк	51607	0.119725
208	үй	50662	0.117532
209	нч	50221	0.116509
210	ше	50149	0.116342
211	ая	49969	0.115925
212	ид	49534	0.114916
213	об	49357	0.114505
214	зү	48846	0.113319
215	үш	48829	0.113280
216	еш	48461	0.112426
217	йд	48092	0.111570
218	үз	48054	0.111482
219	рс	47718	0.110703
220	ош	47038	0.109125
221	рб	47014	0.109069
222	мо	46839	0.108663
223	чү	46628	0.108174
224	зг	46132	0.107023
225	ск	44896	0.104156
226	өк	43783	0.101574
227	ез	43775	0.101555
228	эк	43712	0.101409
229	мө	43655	0.101277
230	үг	43463	0.100831
231	уп	43010	0.099780
232	үп	42600	0.098829
233	мү	42183	0.097862
234	уз	42028	0.097502
235	ос	41760	0.096880
236	ыс	41528	0.096342
237	ав	41494	0.096263
238	ие	41109	0.095370
239	км	40668	0.094347
240	по	40260	0.093400
241	пу	40025	0.092855
242	жу	39904	0.092575
243	уб	39099	0.090707
244	аж	38940	0.090338
245	лт	38613	0.089580
246	ед	38212	0.088649
247	эр	38175	0.088563
248	өг	38131	0.088461
249	иц	37599	0.087227
250	ач	37346	0.086640
251	ой	36576	0.084854
252	ви	36550	0.084794
253	жү	36243	0.084081
254	шү	35859	0.083190
255	үк	35852	0.083174
256	эл	35847	0.083163
257	бл	35493	0.082341
258	уд	35251	0.081780
259	лм	35236	0.081745
260	еч	35202	0.081666
261	нк	35048	0.081309
262	бө	34971	0.081130
263	ээ	34785	0.080699
264	ең	34659	0.080407
265	сп	34352	0.079694
266	йр	34306	0.079588
267	кч	34152	0.079230
268	рө	33445	0.077590
269	нб	33333	0.077330
270	эс	32811	0.076119
271	бр	32697	0.075855
272	бү	32625	0.075688
273	йг	32139	0.074560
274	үч	31653	0.073433
275	нс	30975	0.071860
276	мб	30907	0.071702
277	сө	30361	0.070435
278	үм	30210	0.070085
279	өм	29775	0.069076
280	рн	28469	0.066046
281	йм	28189	0.065397
282	шо	28097	0.065183
283	зс	28017	0.064998
284	мп	27944	0.064828
285	еб	27887	0.064696
286	ою	27799	0.064492
287	чө	27476	0.063742
288	пе	27178	0.063051
289	мк	27141	0.062965
290	пк	27097	0.062863
291	оч	26382	0.061204
292	ич	26174	0.060722
293	од	26103	0.060557
294	сс	25962	0.060230
295	өс	25036	0.058082
296	иа	23219	0.053867
297	ац	23200	0.053822
298	лл	22712	0.052690
299	өч	22665	0.052581
300	пи	22429	0.052034
301	эм	22090	0.051247
302	кл	22055	0.051166
303	өй	22021	0.051087
304	яб	21855	0.050702
305	ыя	21807	0.050591
306	иб	21495	0.049867
307	оз	21373	0.049584
308	үс	21277	0.049361
309	жи	20834	0.048333
310	жө	20665	0.047941
311	кш	20441	0.047422
312	йи	20341	0.047190
313	фе	20315	0.047129
314	мл	20281	0.047051
315	йб	20096	0.046621
316	оң	19967	0.046322
317	мг	19944	0.046269
318	ио	19668	0.045628
319	мч	19539	0.045329
320	ыб	19260	0.044682
321	зу	19212	0.044571
322	см	19149	0.044424
323	чо	18961	0.043988
324	лч	18904	0.043856
325	тч	18865	0.043766
326	йн	18800	0.043615
327	бд	18589	0.043125
328	аи	18571	0.043083
329	ве	18483	0.042879
330	кц	18274	0.042394
331	ль	18138	0.042079
332	кр	18086	0.041958
333	йо	17930	0.041596
334	йз	17811	0.041320
335	эн	17600	0.040831
336	аң	17583	0.040791
337	чк	17562	0.040743
338	юн	17536	0.040682
339	ив	17431	0.040439
340	ыт	17364	0.040283
341	яг	17002	0.039443
342	ую	16990	0.039416
343	үт	16738	0.038831
344	фо	16559	0.038416
345	зб	16486	0.038246
346	мс	16354	0.037940
347	ңе	16328	0.037880
348	рч	16071	0.037284
349	фи	15985	0.037084
350	зо	15924	0.036943
351	гр	15920	0.036933
352	тя	15506	0.035973
353	өш	15417	0.035766
354	өп	15199	0.035261
355	вт	14940	0.034660
356	яд	14689	0.034077
357	вг	14500	0.033639
358	йк	13928	0.032312
359	йс	13764	0.031932
360	мм	13622	0.031602
361	өд	13574	0.031491
362	во	13117	0.030431
363	зө	13113	0.030421
364	шч	13013	0.030189
365	үд	12745	0.029568
366	чт	12414	0.028800
367	ыч	12270	0.028466
368	өб	12148	0.028183
369	ии	11797	0.027368
370	уя	11765	0.027294
371	ию	11485	0.026644
372	це	11434	0.026526
373	йү	11391	0.026426
374	кн	11323	0.026269
375	юл	11307	0.026231
376	эг	11295	0.026204
377	фа	11155	0.025879
378	мн	11125	0.025809
379	пс	11070	0.025682
380	яр	11011	0.025545
381	оц	10997	0.025512
382	лп	10839	0.025146
383	ха	10814	0.025088
384	мэ	10800	0.025055
385	вр	10725	0.024881
386	рр	10673	0.024761
387	ңд	10564	0.024508
388	лс	10335	0.023977
389	ео	10313	0.023925
390	пы	10092	0.023413
391	ах	9949	0.023081
392	пл	9920	0.023014
393	зе	9827	0.022798
394	ңг	9657	0.022404
395	лн	9605	0.022283
396	нв	9514	0.022072
397	юм	9507	0.022056
398	жэ	9487	0.022009
399	ың	9416	0.021844
400	юш	9160	0.021251
401	тс	8970	0.020810
402	ңи	8829	0.020483
403	тп	8773	0.020353
404	үб	8646	0.020058
405	юу	8612	0.019979
406	ье	8469	0.019648
407	тб	8414	0.019520
408	ыд	8191	0.019003
409	гд	8183	0.018984
410	еф	8162	0.018935
411	ңы	8121	0.018840
412	пп	8045	0.018664
413	мт	7987	0.018529
414	рь	7718	0.017905
415	иң	7713	0.017894
416	як	7456	0.017297
417	пц	7304	0.016945
418	тм	7163	0.016618
419	др	6977	0.016186
420	мь	6976	0.016184
421	эң	6937	0.016093
422	еж	6761	0.015685
423	шп	6641	0.015407
424	нц	6520	0.015126
425	рж	6310	0.014639
426	дж	6306	0.014629
427	өң	6286	0.014583
428	аэ	6130	0.014221
429	оя	6128	0.014217
430	сб	6092	0.014133
431	уц	6032	0.013994
432	шм	5988	0.013892
433	рш	5975	0.013862
434	пш	5925	0.013746
435	аф	5871	0.013620
436	ят	5825	0.013514
437	ля	5714	0.013256
438	рэ	5709	0.013244
439	пч	5550	0.012876
440	кп	5523	0.012813
441	фр	5523	0.012813
442	ех	5512	0.012787
443	лю	5468	0.012685
444	тв	5449	0.012641
445	дд	5397	0.012521
446	эт	5333	0.012372
447	еа	5295	0.012284
448	юр	5290	0.012272
449	дм	5234	0.012143
450	шө	5173	0.012001
451	ңү	5153	0.011955
452	рз	5124	0.011887
453	кв	5105	0.011843
454	кб	4967	0.011523
455	сл	4863	0.011282
456	ау	4847	0.011245
457	ыю	4837	0.011222
458	ож	4744	0.011006
459	лж	4738	0.010992
460	хи	4718	0.010945
461	юс	4670	0.010834
462	нж	4660	0.010811
463	уй	4590	0.010648
464	ее	4574	0.010611
465	уа	4361	0.010117
466	ья	4331	0.010048
467	хн	4324	0.010031
468	бю	4305	0.009987
469	пө	4270	0.009906
470	нн	4184	0.009707
471	уң	4148	0.009623
472	нф	4118	0.009553
473	иф	4101	0.009514
474	шс	4062	0.009424
475	хо	3956	0.009178
476	сд	3941	0.009143
477	йж	3919	0.009092
478	ңу	3887	0.009018
479	йш	3857	0.008948
480	оу	3803	0.008823
481	ңа	3749	0.008697
482	хм	3714	0.008616
483	рв	3696	0.008574
484	кэ	3692	0.008565
485	ое	3646	0.008458
486	юд	3637	0.008438
487	йө	3618	0.008394
488	гэ	3600	0.008352
489	оф	3547	0.008229
490	нм	3487	0.008090
491	фт	3486	0.008087
492	вк	3469	0.008048
493	мж	3337	0.007742
494	тн	3336	0.007739
495	бш	3319	0.007700
496	нь	3308	0.007674
497	ңж	3238	0.007512
498	зн	3232	0.007498
499	дэ	3230	0.007493
500	жм	3196	0.007415
501	фу	3192	0.007405
502	пү	3179	0.007375
503	дв	3178	0.007373
504	рп	3153	0.007315
505	нз	3150	0.007308
506	ңк	3138	0.007280
507	дп	3096	0.007183
508	ух	3028	0.007025
509	үң	2981	0.006916
510	дк	2922	0.006779
511	вн	2827	0.006558
512	ью	2779	0.006447
513	их	2769	0.006424
514	мш	2731	0.006336
515	ыж	2687	0.006234
516	ых	2671	0.006197
517	ъе	2606	0.006046
518	эб	2591	0.006011
519	зт	2573	0.005969
520	кд	2491	0.005779
521	жд	2467	0.005723
522	ои	2425	0.005626
523	рх	2408	0.005586
524	лр	2400	0.005568
525	иж	2399	0.005566
526	дь	2385	0.005533
527	гг	2356	0.005466
528	кг	2352	0.005456
529	ея	2348	0.005447
530	эп	2309	0.005357
531	ьт	2287	0.005306
532	ют	2235	0.005185
533	юп	2211	0.005129
534	кж	2197	0.005097
535	оа	2192	0.005085
536	пн	2181	0.005060
537	бъ	2140	0.004965
538	яз	2104	0.004881
539	вс	2102	0.004876
540	жб	2102	0.004876
541	св	2077	0.004818
542	ец	2051	0.004758
543	вл	2047	0.004749
544	гл	2032	0.004714
545	оё	2025	0.004698
546	йч	2023	0.004693
547	бн	1971	0.004573
548	вм	1931	0.004480
549	ху	1818	0.004218
550	зк	1817	0.004215
551	зч	1813	0.004206
552	бс	1805	0.004187
553	ть	1795	0.004164
554	сх	1784	0.004139
555	хе	1771	0.004109
556	эш	1769	0.004104
557	шб	1708	0.003962
558	ңш	1693	0.003928
559	шн	1689	0.003918
560	ёт	1686	0.003911
561	цт	1660	0.003851
562	хт	1616	0.003749
563	ср	1608	0.003730
564	сф	1607	0.003728
565	эф	1554	0.003605
566	ңс	1554	0.003605
567	нп	1550	0.003596
568	йп	1549	0.003594
569	рц	1537	0.003566
570	эд	1533	0.003556
571	сн	1498	0.003475
572	хы	1469	0.003408
573	дн	1456	0.003378
574	эй	1454	0.003373
575	вы	1448	0.003359
576	жк	1439	0.003338
577	пб	1416	0.003285
578	юц	1402	0.003253
579	вь	1370	0.003178
580	жр	1362	0.003160
581	ңо	1329	0.003083
582	уф	1324	0.003072
583	шр	1307	0.003032
584	чм	1286	0.002983
585	чб	1285	0.002981
586	ох	1276	0.002960
587	юз	1263	0.002930
588	нл	1242	0.002881
589	гч	1233	0.002860
590	лэ	1202	0.002789
591	гн	1177	0.002731
592	ыа	1168	0.002710
593	яц	1163	0.002698
594	ьм	1135	0.002633
595	яч	1122	0.002603
596	кз	1117	0.002591
597	уе	1107	0.002568
598	ьд	1089	0.002526
599	ря	1088	0.002524
600	тж	1081	0.002508
601	ьн	1080	0.002506
602	чё	1072	0.002487
603	ёр	1072	0.002487
604	дл	1060	0.002459
605	чс	1058	0.002454
606	нш	1056	0.002450
607	хр	1045	0.002424
608	ца	1030	0.002390
609	тэ	1029	0.002387
610	тл	1011	0.002345
611	бб	1005	0.002332
612	нэ	1001	0.002322
613	эв	967	0.002243
614	эж	965	0.002239
615	тд	941	0.002183
616	чэ	937	0.002174
617	ңө	920	0.002134
618	ао	902	0.002093
619	гб	896	0.002079
620	фл	885	0.002053
621	фф	876	0.002032
622	уж	846	0.001963
623	аю	833	0.001933
624	ув	832	0.001930
625	юк	831	0.001928
626	бг	824	0.001912
627	ня	817	0.001895
628	фэ	794	0.001842
629	сч	791	0.001835
630	пь	771	0.001789
631	цк	769	0.001784
632	жч	767	0.001779
633	ьк	767	0.001779
634	сю	732	0.001698
635	лз	729	0.001691
636	шв	719	0.001668
637	дс	718	0.001666
638	вш	712	0.001652
639	тф	702	0.001629
640	юж	696	0.001615
641	ся	693	0.001608
642	бт	692	0.001605
643	нр	678	0.001573
644	уи	637	0.001478
645	сш	632	0.001466
646	ьс	624	0.001448
647	ңч	604	0.001401
648	иу	602	0.001397
649	дг	571	0.001325
650	ву	563	0.001306
651	ыо	562	0.001304
652	бк	555	0.001288
653	шд	547	0.001269
654	ьф	541	0.001255
655	тё	530	0.001230
656	вч	522	0.001211
657	оэ	522	0.001211
658	чп	511	0.001185
659	ям	509	0.001181
660	йе	506	0.001174
661	ңб	502	0.001165
662	ые	500	0.001160
663	лв	499	0.001158
664	еи	494	0.001146
665	рф	491	0.001139
666	хл	490	0.001137
667	ще	484	0.001123
668	йа	482	0.001118
669	иэ	479	0.001111
670	сь	477	0.001107
671	мв	473	0.001097
672	уэ	472	0.001095
673	ьш	472	0.001095
674	шэ	461	0.001069
675	ьб	448	0.001039
676	жн	447	0.001037
677	зп	445	0.001032
678	цу	440	0.001021
679	пж	437	0.001014
680	ьв	424	0.000984
681	щи	418	0.000970
682	съ	415	0.000963
683	йу	410	0.000951
684	цо	410	0.000951
685	сц	408	0.000947
686	гв	405	0.000940
687	фк	403	0.000935
688	юб	403	0.000935
689	сё	391	0.000907
690	гк	390	0.000905
691	дз	388	0.000900
692	мё	382	0.000886
693	нх	382	0.000886
694	иө	380	0.000882
695	юй	378	0.000877
696	тю	377	0.000875
697	йэ	376	0.000872
698	мр	376	0.000872
699	ьг	375	0.000870
700	иё	370	0.000858
701	гт	360	0.000835
702	зв	354	0.000821
703	сг	354	0.000821
704	чр	349	0.000810
705	цн	341	0.000791
706	вб	338	0.000784
707	уо	338	0.000784
708	үж	336	0.000779
709	йц	332	0.000770
710	шж	322	0.000747
711	ьп	320	0.000742
712	ём	318	0.000738
713	ыэ	316	0.000733
714	ыу	315	0.000731
715	дю	314	0.000728
716	иү	311	0.000721
717	мя	304	0.000705
718	чн	304	0.000705
719	ёв	304	0.000705
720	ёе	303	0.000703
721	өа	301	0.000698
722	тх	300	0.000696
723	вя	298	0.000691
724	мз	298	0.000691
725	пд	298	0.000691
726	яе	296	0.000687
727	дч	291	0.000675
728	зз	291	0.000675
729	ыв	288	0.000668
730	ыи	287	0.000666
731	ыө	286	0.000664
732	шг	285	0.000661
733	хс	283	0.000657
734	гм	281	0.000652
735	йф	281	0.000652
736	еу	276	0.000640
737	ңт	275	0.000638
738	үа	265	0.000615
739	дб	263	0.000610
740	фс	262	0.000608
741	сж	259	0.000601
742	тг	259	0.000601
743	вэ	258	0.000599
744	сэ	256	0.000594
745	йв	255	0.000592
746	пм	253	0.000587
747	аө	249	0.000578
748	яп	248	0.000575
749	эч	246	0.000571
750	хг	244	0.000566
751	кф	243	0.000564
752	шл	242	0.000561
753	вж	241	0.000559
754	бм	239	0.000554
755	ён	237	0.000550
756	зр	236	0.000548
757	өж	235	0.000545
758	лш	233	0.000541
759	йх	229	0.000531
760	эз	229	0.000531
761	эу	225	0.000522
762	зю	223	0.000517
763	ңз	221	0.000513
764	хэ	219	0.000508
765	ню	217	0.000503
766	гс	214	0.000496
767	бь	211	0.000490
768	лё	210	0.000487
769	рю	210	0.000487
770	лф	209	0.000485
771	яж	208	0.000483
772	ьи	199	0.000462
773	юң	194	0.000450
774	бэ	193	0.000448
775	ща	193	0.000448
776	вп	191	0.000443
777	ьо	191	0.000443
778	бж	187	0.000434
779	зж	181	0.000420
780	ящ	180	0.000418
781	дт	179	0.000415
782	ёл	177	0.000411
783	тш	174	0.000404
784	аы	169	0.000392
785	яш	169	0.000392
786	цф	168	0.000390
787	дш	163	0.000378
788	мф	163	0.000378
789	лх	160	0.000371
790	ях	159	0.000369
791	ьз	158	0.000367
792	ощ	157	0.000364
793	фш	156	0.000362
794	хк	156	0.000362
795	юч	147	0.000341
796	бз	145	0.000336
797	юг	145	0.000336
798	жг	143	0.000332
799	зэ	142	0.000329
800	дф	139	0.000322
801	цц	139	0.000322
802	эа	139	0.000322
803	цы	137	0.000318
804	хь	135	0.000313
805	пэ	134	0.000311
806	цз	133	0.000309
807	еэ	131	0.000304
808	ёб	128	0.000297
809	ещ	126	0.000292
810	өе	126	0.000292
811	бх	123	0.000285
812	бя	123	0.000285
813	тз	123	0.000285
814	хв	123	0.000285
815	хч	119	0.000276
816	бф	112	0.000260
817	ьх	112	0.000260
818	аё	111	0.000258
819	яв	110	0.000255
820	бщ	108	0.000251
821	мю	108	0.000251
822	ьц	108	0.000251
823	ащ	106	0.000246
824	ёю	106	0.000246
825	пг	104	0.000241
826	рё	104	0.000241
827	ущ	104	0.000241
828	ищ	103	0.000239
829	ыы	103	0.000239
830	юа	103	0.000239
831	зл	101	0.000234
832	дя	98	0.000227
833	ьа	96	0.000223
834	үө	96	0.000223
835	яң	93	0.000216
836	вз	91	0.000211
837	вф	90	0.000209
838	зь	87	0.000202
839	фн	87	0.000202
840	аъ	86	0.000200
841	чж	86	0.000200
842	дё	85	0.000197
843	зя	85	0.000197
844	ъл	85	0.000197
845	пю	84	0.000195
846	пя	83	0.000193
847	ёо	83	0.000193
848	бч	82	0.000190
849	вв	82	0.000190
850	пф	82	0.000190
851	ыф	82	0.000190
852	эх	82	0.000190
853	зф	81	0.000188
854	кх	81	0.000188
855	мц	81	0.000188
856	пх	80	0.000186
857	уө	80	0.000186
858	цө	80	0.000186
859	ёк	80	0.000186
860	ьч	78	0.000181
861	үо	75	0.000174
862	вх	74	0.000172
863	цс	72	0.000167
864	үу	72	0.000167
865	цр	71	0.000165
866	өв	71	0.000165
867	пё	69	0.000160
868	рщ	69	0.000160
869	чв	69	0.000160
870	шх	68	0.000158
871	ющ	68	0.000158
872	фг	67	0.000155
873	цв	67	0.000155
874	цл	67	0.000155
875	гф	65	0.000151
876	дъ	64	0.000148
877	ею	64	0.000148
878	пв	64	0.000148
879	жт	63	0.000146
880	нё	63	0.000146
881	чч	63	0.000146
882	шь	62	0.000144
883	хд	61	0.000142
884	йя	60	0.000139
885	яа	60	0.000139
886	яо	60	0.000139
887	үэ	60	0.000139
888	фм	56	0.000130
889	ьё	56	0.000130
890	фб	55	0.000128
891	яя	55	0.000128
892	жп	54	0.000125
893	тц	54	0.000125
894	дх	53	0.000123
895	хш	53	0.000123
896	өү	52	0.000121
897	фы	51	0.000118
898	хб	51	0.000118
899	чь	50	0.000116
900	ыү	50	0.000116
901	жс	49	0.000114
902	чд	49	0.000114
903	шю	49	0.000114
904	яу	49	0.000114
905	гп	48	0.000111
906	шя	48	0.000111
907	иы	47	0.000109
908	ёп	47	0.000109
909	вө	46	0.000107
910	гц	45	0.000104
911	гю	45	0.000104
912	зх	45	0.000104
913	уү	44	0.000102
914	хп	44	0.000102
915	үи	43	0.000100
916	жж	42	0.000097
917	ьж	42	0.000097
918	вц	41	0.000095
919	өх	40	0.000093
920	цб	39	0.000090
921	щу	39	0.000090
922	яй	39	0.000090
923	ёс	39	0.000090
924	дц	38	0.000088
925	цп	38	0.000088
926	эц	38	0.000088
927	өо	38	0.000088
928	жё	37	0.000086
929	кю	37	0.000086
930	ця	37	0.000086
931	ьь	37	0.000086
932	юв	37	0.000086
933	өы	37	0.000086
934	бв	36	0.000084
935	бё	36	0.000084
936	кь	36	0.000084
937	фь	36	0.000084
938	яю	36	0.000084
939	ңм	36	0.000084
940	өи	36	0.000084
941	мх	35	0.000081
942	тъ	35	0.000081
943	аү	34	0.000079
944	оө	34	0.000079
945	уы	34	0.000079
946	бп	33	0.000077
947	кя	33	0.000077
948	пз	33	0.000077
949	хх	33	0.000077
950	яи	33	0.000077
951	бц	32	0.000074
952	зш	32	0.000074
953	өэ	32	0.000074
954	еө	31	0.000072
955	фд	31	0.000072
956	чш	30	0.000070
957	шш	30	0.000070
958	гз	29	0.000067
959	юх	29	0.000067
960	её	28	0.000065
961	нщ	28	0.000065
962	чл	28	0.000065
963	ёд	28	0.000065
964	нъ	27	0.000063
965	вщ	26	0.000060
966	хё	26	0.000060
967	жь	25	0.000058
968	сз	25	0.000058
969	щё	25	0.000058
970	ёг	25	0.000058
971	цм	24	0.000056
972	өф	24	0.000056
973	хү	23	0.000053
974	юю	23	0.000053
975	гж	22	0.000051
976	гш	22	0.000051
977	фё	22	0.000051
978	юи	22	0.000051
979	яы	22	0.000051
980	жл	21	0.000049
981	хю	21	0.000049
982	ыщ	21	0.000049
983	ёз	21	0.000049
984	үв	21	0.000049
985	ъя	20	0.000046
986	гх	19	0.000044
987	шф	19	0.000044
988	ьщ	19	0.000044
989	эе	19	0.000044
990	ңэ	19	0.000044
991	өу	19	0.000044
992	фх	18	0.000042
993	шё	18	0.000042
994	ъё	18	0.000042
995	чх	17	0.000039
996	эи	17	0.000039
997	яф	17	0.000039
998	жш	16	0.000037
999	хз	16	0.000037
1000	ъю	16	0.000037
1001	үф	16	0.000037
1002	вю	15	0.000035
1003	йю	15	0.000035
1004	фч	15	0.000035
1005	фю	15	0.000035
1006	эо	15	0.000035
1007	бй	14	0.000032
1008	оү	14	0.000032
1009	тй	14	0.000032
1010	хъ	14	0.000032
1011	гё	13	0.000030
1012	цю	13	0.000030
1013	ьу	13	0.000030
1014	ьэ	13	0.000030
1015	хф	12	0.000028
1016	юе	12	0.000028
1017	үя	12	0.000028
1018	вё	11	0.000026
1019	кё	11	0.000026
1020	щн	11	0.000026
1021	юэ	11	0.000026
1022	үы	11	0.000026
1023	гя	10	0.000023
1024	еү	10	0.000023
1025	зё	10	0.000023
1026	цэ	10	0.000023
1027	щт	10	0.000023
1028	яэ	10	0.000023
1029	яө	10	0.000023
1030	үю	10	0.000023
1031	кй	9	0.000021
1032	лц	9	0.000021
1033	мй	9	0.000021
1034	оы	9	0.000021
1035	чг	9	0.000021
1036	ыц	9	0.000021
1037	ңр	9	0.000021
1038	өю	9	0.000021
1039	йё	8	0.000019
1040	лй	8	0.000019
1041	нй	8	0.000019
1042	цж	8	0.000019
1043	щь	8	0.000019
1044	ёй	8	0.000019
1045	үе	8	0.000019
1046	рй	7	0.000016
1047	цг	7	0.000016
1048	ёш	7	0.000016
1049	еы	6	0.000014
1050	жв	6	0.000014
1051	зц	6	0.000014
1052	фж	6	0.000014
1053	ьр	6	0.000014
1054	юф	6	0.000014
1055	вү	5	0.000012
1056	жх	5	0.000012
1057	къ	5	0.000012
1058	лъ	5	0.000012
1059	сй	5	0.000012
1060	щы	5	0.000012
1061	өя	5	0.000012
1062	аь	4	0.000009
1063	еь	4	0.000009
1064	жю	4	0.000009
1065	йң	4	0.000009
1066	тщ	4	0.000009
1067	фз	4	0.000009
1068	хй	4	0.000009
1069	щл	4	0.000009
1070	що	4	0.000009
1071	ьл	4	0.000009
1072	ьы	4	0.000009
1073	юо	4	0.000009
1074	вй	3	0.000007
1075	дй	3	0.000007
1076	зъ	3	0.000007
1077	кң	3	0.000007
1078	оъ	3	0.000007
1079	оь	3	0.000007
1080	тң	3	0.000007
1081	фп	3	0.000007
1082	фц	3	0.000007
1083	цд	3	0.000007
1084	чя	3	0.000007
1085	щк	3	0.000007
1086	ъа	3	0.000007
1087	ък	3	0.000007
1088	ыё	3	0.000007
1089	эя	3	0.000007
1090	эө	3	0.000007
1091	юя	3	0.000007
1092	яү	3	0.000007
1093	ңн	3	0.000007
1094	ңп	3	0.000007
1095	ңф	3	0.000007
1096	жз	2	0.000005
1097	жф	2	0.000005
1098	кщ	2	0.000005
1099	пй	2	0.000005
1100	рң	2	0.000005
1101	цш	2	0.000005
1102	чй	2	0.000005
1103	чф	2	0.000005
1104	шй	2	0.000005
1105	шщ	2	0.000005
1106	шъ	2	0.000005
1107	щя	2	0.000005
1108	юь	2	0.000005
1109	ёи	2	0.000005
1110	ңв	2	0.000005
1111	ңх	2	0.000005
1112	үх	2	0.000005
1113	бң	1	0.000002
1114	въ	1	0.000002
1115	гй	1	0.000002
1116	гъ	1	0.000002
1117	еъ	1	0.000002
1118	жц	1	0.000002
1119	йй	1	0.000002
1120	йщ	1	0.000002
1121	йь	1	0.000002
1122	лң	1	0.000002
1123	мң	1	0.000002
1124	ръ	1	0.000002
1125	фй	1	0.000002
1126	фщ	1	0.000002
1127	фя	1	0.000002
1128	фө	1	0.000002
1129	хж	1	0.000002
1130	хц	1	0.000002
1131	хя	1	0.000002
1132	цй	1	0.000002
1133	цх	1	0.000002
1134	чц	1	0.000002
1135	чю	1	0.000002
1136	чң	1	0.000002
1137	шц	1	0.000002
1138	ъз	1	0.000002
1139	ър	1	0.000002
1140	ъш	1	0.000002
1141	ьй	1	0.000002
1142	ьү	1	0.000002
1143	ёх	1	0.000002
1144	ёё	1	0.000002
1145	ңй	1	0.000002
1146	ңщ	1	0.000002
1147	ңь	1	0.000002
