rank	char	count	percent
1	SPACE	9787414	13.580975
2	–∞	7240353	10.046684
3	–Ω	4240418	5.883986
4	–∫	3614981	5.016133
5	—Ç	3614124	5.014944
6	—Ä	3390657	4.704862
7	—ã	3183383	4.417249
8	–∏	2856953	3.964296
9	–µ	2704336	3.752525
10	–ª	2660787	3.692097
11	—É	2492469	3.458540
12	–¥	2317652	3.215964
13	–æ	2197462	3.049189
14	–º	1617610	2.244589
15	–≥	1587375	2.202635
16	—Å	1525604	2.116922
17	–±	1397152	1.938682
18	“Ø	1395451	1.936322
19	”©	1241223	1.722316
20	\n	1170860	1.624680
21	—à	955240	1.325487
22	–ø	910827	1.263860
23	–π	824289	1.143780
24	–∑	767789	1.065381
25	–∂	756384	1.049555
26	—á	669050	0.928371
27	t	529366	0.734546
28	n	526679	0.730818
29	a	506911	0.703388
30	–≤	437107	0.606528
31	o	402815	0.558944
32	e	383848	0.532626
33	—è	368032	0.510680
34	r	320631	0.444906
35	k	314833	0.436861
36	—ç	302248	0.419398
37	s	299369	0.415403
38	u	258397	0.358551
39	l	233622	0.324173
40	i	222058	0.308127
41	y	199445	0.276749
42	d	192069	0.266514
43	h	164820	0.228704
44	p	143168	0.198659
45	—Ü	138257	0.191845
46	“£	121713	0.168888
47	c	107489	0.149151
48	w	99030	0.137414
49	—é	91488	0.126948
50	—Ñ	90811	0.126009
51	b	88535	0.122851
52	m	70909	0.098393
53	g	70226	0.097445
54	z	60405	0.083818
55	—å	47834	0.066374
56	—Ö	45823	0.063584
57	v	28303	0.039273
58	j	25330	0.035148
59	¬†	18272	0.025354
60	\t	12719	0.017649
61	f	8419	0.011682
62	—ë	6641	0.009215
63	—ä	3135	0.004350
64	x	2190	0.003039
65	—â	1302	0.001807
66	—≥	919	0.001275
67	q	645	0.000895
68	√º	154	0.000214
69	ƒ±	142	0.000197
70	…µ	99	0.000137
71	≈ü	93	0.000129
72	√ß	79	0.000110
73	—ñ	70	0.000097
74	ÿß	65	0.000090
75	√∂	51	0.000071
76	‚Ää	47	0.000065
77	 ô	44	0.000061
78	∆£	38	0.000053
79	€å	37	0.000051
80	ƒü	25	0.000035
81	ÿ±	25	0.000035
82	‚ÄØ	22	0.000031
83	Ÿà	18	0.000025
84	ŸÜ	17	0.000024
85	Ÿá	16	0.000022
86	√°	15	0.000021
87	Œ¥	14	0.000019
88	ÿ≥	14	0.000019
89	ŸÖ	14	0.000019
90	ÿ®	13	0.000018
91	ÿØ	13	0.000018
92	ŸÑ	13	0.000018
93	„ÉÑ	13	0.000018
94	ÿ™	12	0.000017
95	√©	11	0.000015
96	ƒç	10	0.000014
97	Ÿä	9	0.000012
98	⁄©	9	0.000012
99	…ô	8	0.000011
100	ÿ≤	8	0.000011
101	ÿ≠	6	0.000008
102	ÿ¥	6	0.000008
103	Íûë	6	0.000008
104	ÿπ	5	0.000007
105	Ÿæ	5	0.000007
106	√®	4	0.000006
107	√¨	4	0.000006
108	√≥	4	0.000006
109	Œ≥	4	0.000006
110	ÿÆ	4	0.000006
111	ŸÇ	4	0.000006
112	√π	3	0.000004
113	ÿ¨	3	0.000004
114	ÿ∏	3	0.000004
115	⁄Ø	3	0.000004
116	„Åó	3	0.000004
117	ùó∞	3	0.000004
118	ùòÅ	3	0.000004
119	√¢	2	0.000003
120	√≠	2	0.000003
121	√Æ	2	0.000003
122	√±	2	0.000003
123	ƒõ	2	0.000003
124	∆∂	2	0.000003
125	ÿ´	2	0.000003
126	ÿµ	2	0.000003
127	ŸÅ	2	0.000003
128	ŸÉ	2	0.000003
129	‚Ñπ	2	0.000003
130	„ÅÆ	2	0.000003
131	„ÅØ	2	0.000003
132	„Åæ	2	0.000003
133	„Çâ	2	0.000003
134	„Çí	2	0.000003
135	„Éº	2	0.000003
136	„Ö°	2	0.000003
137	Ê≥Å	2	0.000003
138	Íûå	2	0.000003
139	ùóº	2	0.000003
140	ùòÄ	2	0.000003
141	√†	1	0.000001
142	√§	1	0.000001
143	√¶	1	0.000001
144	√∞	1	0.000001
145	√¥	1	0.000001
146	√∏	1	0.000001
147	√ª	1	0.000001
148	√æ	1	0.000001
149	ƒ•	1	0.000001
150	≈Ç	1	0.000001
151	≈Ñ	1	0.000001
152	≈ã	1	0.000001
153	≈°	1	0.000001
154	≈©	1	0.000001
155	»ô	1	0.000001
156	…ï	1	0.000001
157	…§	1	0.000001
158	 Å	1	0.000001
159	 É	1	0.000001
160	 ë	1	0.000001
161	 ª	1	0.000001
162	 º	1	0.000001
163	Œ∏	1	0.000001
164	Œª	1	0.000001
165	œÇ	1	0.000001
166	œÖ	1	0.000001
167	œâ	1	0.000001
168	ÿ∞	1	0.000001
169	ÿ∂	1	0.000001
170	ÿ∑	1	0.000001
171	ÿ∫	1	0.000001
172	Ÿâ	1	0.000001
173	·∂á	1	0.000001
174	·∫ß	1	0.000001
175	·ºÖ	1	0.000001
176	‚Äâ	1	0.000001
177	„ÅÑ	1	0.000001
178	„ÅÜ	1	0.000001
179	„Åà	1	0.000001
180	„Åã	1	0.000001
181	„Åå	1	0.000001
182	„Åè	1	0.000001
183	„Åì	1	0.000001
184	„Åî	1	0.000001
185	„Åï	1	0.000001
186	„Åü	1	0.000001
187	„Å†	1	0.000001
188	„Å£	1	0.000001
189	„Å¶	1	0.000001
190	„Åß	1	0.000001
191	„Å™	1	0.000001
192	„Å´	1	0.000001
193	„ÇÇ	1	0.000001
194	„Çá	1	0.000001
195	„Çä	1	0.000001
196	„Çì	1	0.000001
197	„Ç¥	1	0.000001
198	„Ç∑	1	0.000001
199	„Ç∏	1	0.000001
200	„Éö	1	0.000001
201	„É≠	1	0.000001
202	‰∏ç	1	0.000001
203	‰∏ñ	1	0.000001
204	‰∏≠	1	0.000001
205	ÂçÅ	1	0.000001
206	Âçä	1	0.000001
207	Âïä	1	0.000001
208	Â†¥	1	0.000001
209	Â§ß	1	0.000001
210	Â¶ô	1	0.000001
211	Âßø	1	0.000001
212	Â≠ó	1	0.000001
213	ÂÆà	1	0.000001
214	ÂΩé	1	0.000001
215	ÊÉÖ	1	0.000001
216	Êñ∞	1	0.000001
217	Êó•	1	0.000001
218	Êõæ	1	0.000001
219	ÊúÄ	1	0.000001
220	Êúâ	1	0.000001
221	Êú¨	1	0.000001
222	Ê®π	1	0.000001
223	Ê∂à	1	0.000001
224	Êæ§	1	0.000001
225	ÁãÄ	1	0.000001
226	ÁåÆ	1	0.000001
227	Áèæ	1	0.000001
228	ÁôΩ	1	0.000001
229	Á§æ	1	0.000001
230	Á¥∞	1	0.000001
231	Ë°Ä	1	0.000001
232	Ë¶ß	1	0.000001
233	Ë©≥	1	0.000001
234	Ëµ§	1	0.000001
235	Èåö	1	0.000001
236	Èªû	1	0.000001
237	ùóÆ	1	0.000001
238	ùó±	1	0.000001
239	ùóª	1	0.000001
240	ùóΩ	1	0.000001
241	ùóø	1	0.000001
242	ùòÇ	1	0.000001
